Square Footage,Bedrooms,Bathrooms,Price
2379.0,2.0,2.0,472663.91580159526
1457.0,3.0,2.0,373785.25010118843
2633.0,2.0,3.0,506705.73282056814
1457.0,3.0,2.0,366272.9601098398
1672.0,2.0,2.0,386739.4879266182
1032.0,4.0,3.0,350762.1864646843
2167.0,4.0,2.0,447451.01918771653
1573.0,1.0,2.0,415343.44660762174
2225.0,4.0,1.0,455185.1873609572
2464.0,2.0,1.0,473260.9925883995
2071.0,1.0,3.0,433237.7962487019
1572.0,1.0,1.0,371189.5462915318
2179.0,3.0,2.0,459249.81275956595
2103.0,4.0,2.0,447712.6142579466
1602.0,3.0,2.0,411560.6928043517
1101.0,4.0,2.0,340332.88571527
1065.0,4.0,1.0,345603.28574151173
1685.0,3.0,2.0,386829.8861624117
1616.0,2.0,1.0,381770.6705293865
1575.0,1.0,3.0,388609.20882743964
2819.0,1.0,2.0,498657.4255974871
2016.0,3.0,1.0,417425.4126616417
2843.0,1.0,1.0,494727.64446275483
2456.0,2.0,2.0,481832.99959021993
2721.0,1.0,1.0,506439.37061531964
2241.0,4.0,3.0,481781.6851126339
1619.0,1.0,3.0,399278.82212792354
1098.0,4.0,2.0,364511.5204097991
2286.0,3.0,3.0,462450.1520604165
2592.0,2.0,2.0,489577.7572759826
2847.0,4.0,2.0,519616.33374665136
1321.0,3.0,1.0,374408.379457752
2407.0,3.0,2.0,484776.0308412593
1216.0,1.0,2.0,348649.14845287293
1891.0,1.0,2.0,404917.1146445244
2167.0,2.0,3.0,480754.32378002524
1181.0,4.0,1.0,348178.5664678433
2865.0,1.0,2.0,512953.0469642283
1129.0,3.0,1.0,333932.7706981294
1301.0,4.0,3.0,375801.4661888407
2600.0,1.0,2.0,473195.7969585277
2164.0,1.0,1.0,441195.7099839151
1764.0,2.0,2.0,417072.33227141044
1543.0,4.0,1.0,401443.64030785894
1162.0,3.0,1.0,346215.5353075375
1083.0,3.0,2.0,335314.69546614704
2495.0,2.0,1.0,465877.0660174404
1508.0,2.0,1.0,350645.3349756495
2091.0,4.0,1.0,439192.69848535705
1006.0,2.0,1.0,321898.3283691375
2621.0,4.0,1.0,495230.64026843803
1367.0,1.0,3.0,370178.7955184399
2268.0,2.0,2.0,457136.55570809275
2529.0,1.0,3.0,481009.4534636515
1724.0,1.0,1.0,392277.23667167715
2012.0,3.0,3.0,435670.9493425985
1579.0,4.0,2.0,411422.2392677758
2868.0,3.0,2.0,491685.37519423326
2334.0,1.0,1.0,463382.72439093207
1255.0,4.0,1.0,348750.3381169895
1321.0,2.0,3.0,382235.4283198082
1934.0,4.0,1.0,409515.03632723173
2720.0,3.0,3.0,515200.39004031284
1478.0,4.0,1.0,376999.77625737176
2729.0,2.0,3.0,512576.266044646
1458.0,2.0,1.0,357564.46290732035
1995.0,2.0,3.0,456259.92429534206
2551.0,2.0,2.0,469257.5401972956
2759.0,2.0,3.0,525733.5438783421
1078.0,3.0,1.0,328185.7698221588
1033.0,4.0,1.0,317385.56982192013
2613.0,3.0,2.0,473413.8366532923
1671.0,4.0,2.0,405356.6361332168
2228.0,3.0,3.0,467867.09034708195
1564.0,1.0,3.0,383827.00704188994
2505.0,1.0,2.0,476723.8344413005
2159.0,2.0,1.0,429433.9079629378
1393.0,1.0,3.0,366332.68149292434
2456.0,4.0,3.0,496042.92352152243
2956.0,2.0,1.0,515223.4768804619
1586.0,3.0,1.0,380257.17484702886
1998.0,3.0,2.0,432051.23943408177
2475.0,3.0,1.0,488841.61167505634
1832.0,3.0,3.0,428700.30688144994
2934.0,2.0,1.0,528077.6842223216
2906.0,4.0,2.0,540062.2181093004
2714.0,4.0,1.0,504956.73961215967
1096.0,2.0,3.0,341129.4453847728
1256.0,1.0,1.0,339311.21112539736
2165.0,2.0,3.0,455532.30697798514
1152.0,1.0,2.0,342497.5321119758
1832.0,3.0,3.0,430259.87271247973
1761.0,1.0,1.0,395214.9971395741
1219.0,1.0,2.0,349782.38744154776
1209.0,2.0,2.0,336669.5616160535
1233.0,4.0,1.0,344833.1077629554
1739.0,2.0,1.0,394727.6228012484
1807.0,2.0,1.0,404699.0002217308
1490.0,4.0,3.0,401236.2413876908
2366.0,2.0,2.0,474852.16897020116
1619.0,3.0,2.0,380744.15282036003
1506.0,4.0,1.0,382944.62975290377
2848.0,2.0,1.0,493575.41440949205
1191.0,4.0,1.0,334860.2772121702
1155.0,1.0,3.0,324844.8785406731
2512.0,4.0,3.0,498934.612877047
2743.0,3.0,3.0,499970.66032563755
1104.0,3.0,2.0,340115.44929268095
1064.0,1.0,1.0,303038.47301537363
2097.0,2.0,2.0,438471.990695561
1033.0,2.0,2.0,339441.8603374262
1726.0,3.0,1.0,399266.28412008303
1933.0,2.0,1.0,417353.41874072887
2828.0,4.0,1.0,514901.362467929
1941.0,4.0,1.0,419646.9633007531
2048.0,1.0,1.0,407222.46782637987
1711.0,1.0,3.0,399387.86891406565
2662.0,4.0,3.0,530245.2223732199
2517.0,4.0,1.0,476941.0337685528
1431.0,4.0,1.0,376880.6795832849
1931.0,2.0,2.0,411278.8628819276
1719.0,2.0,2.0,411451.5574160081
2036.0,3.0,2.0,442272.19048340275
1416.0,3.0,2.0,384836.80667718203
1147.0,3.0,3.0,364015.4897093708
1050.0,2.0,1.0,324168.3718194955
1238.0,1.0,3.0,365964.61609495926
1831.0,2.0,3.0,437699.9115202741
2814.0,4.0,1.0,510810.57676694886
2629.0,3.0,3.0,525593.9950621795
2199.0,3.0,1.0,455094.38434721436
1655.0,1.0,3.0,399924.48383086064
1870.0,4.0,2.0,430771.97515623644
1652.0,4.0,3.0,421442.0662949804
1214.0,1.0,2.0,339510.26290910103
2045.0,3.0,1.0,447077.57806989807
2251.0,4.0,1.0,447473.9809690465
1453.0,3.0,3.0,378035.94254674553
2832.0,2.0,1.0,503884.70110234764
2681.0,2.0,3.0,524453.480169108
2724.0,3.0,1.0,515560.6055339064
1483.0,1.0,3.0,371748.5229117742
1375.0,2.0,3.0,370855.304062751
2328.0,3.0,1.0,451585.8534887125
1804.0,1.0,2.0,402652.48310457723
2518.0,1.0,3.0,491710.053474978
2267.0,4.0,2.0,461828.7710983831
1529.0,1.0,1.0,364325.98294323427
1701.0,4.0,2.0,419984.4272751289
1927.0,4.0,3.0,447801.0622446826
1650.0,1.0,3.0,392653.73864390975
2376.0,3.0,2.0,468276.63281595346
2750.0,2.0,3.0,521464.86840379285
1821.0,1.0,3.0,408712.1496809097
1280.0,2.0,1.0,354721.9509720554
1079.0,3.0,3.0,351665.30041199736
2298.0,2.0,2.0,442969.4132384405
2612.0,1.0,3.0,511852.97820029646
1005.0,1.0,2.0,325022.4085522219
2536.0,1.0,2.0,483231.34123087284
1818.0,3.0,1.0,385347.35788865783
1797.0,2.0,1.0,397778.5719361351
1394.0,3.0,1.0,361356.5321712314
2627.0,2.0,1.0,479511.1672272349
1459.0,3.0,3.0,389820.71468607197
1259.0,3.0,1.0,343977.8385358533
2624.0,1.0,1.0,471730.7559458455
1788.0,2.0,1.0,398563.4318369185
2235.0,2.0,3.0,461208.29086905357
2824.0,3.0,2.0,538781.7816819918
1558.0,2.0,3.0,374594.51124422386
2575.0,1.0,3.0,495052.477497846
2390.0,3.0,1.0,480034.90689607157
1004.0,4.0,3.0,362292.87409610825
2277.0,1.0,2.0,441551.10231618426
1055.0,1.0,1.0,325000.77031707816
2896.0,4.0,2.0,556341.2990861069
1729.0,4.0,1.0,411942.8713456712
1731.0,1.0,1.0,381468.8889471734
2334.0,3.0,1.0,468657.440628311
1953.0,4.0,3.0,458160.40421974356
1346.0,3.0,1.0,367912.26810277696
1829.0,3.0,3.0,430471.6866320756
2611.0,2.0,1.0,471711.2403589043
2043.0,3.0,1.0,422418.2354895775
1702.0,1.0,3.0,402521.09322568786
2704.0,2.0,3.0,503388.7581273589
1030.0,1.0,3.0,330517.91142807377
1664.0,4.0,1.0,381491.68199113937
1130.0,2.0,1.0,338961.7740724212
2582.0,2.0,3.0,523998.221112957
2755.0,1.0,3.0,518700.3474267432
1245.0,4.0,3.0,361169.18201737176
2015.0,2.0,1.0,415208.8515858457
2367.0,3.0,2.0,466488.2147472209
1404.0,3.0,2.0,369507.3973981958
2365.0,2.0,3.0,479891.97566537716
2952.0,4.0,2.0,543477.3735541818
1349.0,3.0,1.0,351037.9578418987
1342.0,1.0,3.0,365992.96955976344
1321.0,2.0,2.0,359759.89932686766
1921.0,3.0,1.0,428874.71379702806
1825.0,2.0,1.0,405046.11175134726
2939.0,3.0,1.0,526103.2312663147
2689.0,2.0,3.0,524918.2920815191
2385.0,3.0,3.0,493249.1510180105
1670.0,1.0,2.0,391233.61696646706
1111.0,1.0,1.0,335645.3846607773
1761.0,4.0,2.0,423646.5245873518
1510.0,1.0,1.0,363258.67924966995
1214.0,1.0,1.0,327434.5269426278
2151.0,2.0,3.0,463441.5616262296
1203.0,2.0,1.0,331098.10532536876
1814.0,2.0,1.0,395301.7026806917
2945.0,3.0,2.0,527530.9863365616
1566.0,3.0,3.0,412534.23653682665
2299.0,3.0,1.0,456003.60283630376
2081.0,3.0,2.0,442910.5145291262
2766.0,4.0,2.0,511769.685990249
1021.0,2.0,2.0,331754.3383414578
2516.0,2.0,3.0,495630.1119438566
1068.0,2.0,3.0,335725.88461605523
1479.0,1.0,2.0,391449.56675990275
2069.0,3.0,2.0,432192.90262346907
2734.0,4.0,2.0,517416.22677188483
1660.0,1.0,2.0,395196.74375057634
2779.0,4.0,2.0,532684.9509277832
1432.0,4.0,1.0,372678.7974795293
1651.0,3.0,3.0,402487.024671308
2953.0,3.0,2.0,518453.5760648544
1842.0,2.0,2.0,415918.26633377076
1795.0,4.0,2.0,423321.2611358298
1863.0,1.0,3.0,416841.238781407
2382.0,1.0,2.0,474931.38019579655
2671.0,3.0,2.0,509028.9634946779
2030.0,4.0,3.0,454740.24050276744
1595.0,2.0,3.0,398417.326100974
1257.0,1.0,3.0,358962.5430349611
1018.0,3.0,1.0,330825.2786429061
1260.0,2.0,3.0,367726.8351226257
2905.0,3.0,2.0,525984.2547943927
1081.0,4.0,2.0,346634.54241618287
2504.0,1.0,2.0,489327.56166013726
2410.0,4.0,2.0,487431.41419357737
1269.0,4.0,2.0,364283.248596131
1428.0,2.0,3.0,373687.59990088124
1635.0,2.0,1.0,377844.6765662391
1555.0,3.0,3.0,417965.7850767914
1555.0,3.0,2.0,391050.10866004386
1924.0,3.0,1.0,418357.232176943
1351.0,4.0,1.0,365104.7475152043
2585.0,3.0,2.0,497020.57866526116
1832.0,2.0,3.0,418438.5668974786
2763.0,1.0,2.0,513514.3403165653
2670.0,2.0,3.0,519186.5465403894
2244.0,3.0,3.0,469088.19623425906
2981.0,1.0,3.0,525481.7105500756
2843.0,4.0,1.0,505745.98636294366
2272.0,2.0,2.0,450969.9222569534
2875.0,1.0,1.0,505724.40260176524
1352.0,3.0,1.0,355836.8093414984
1864.0,4.0,3.0,445573.0014710994
2796.0,3.0,2.0,493686.6814209991
1947.0,2.0,3.0,448247.908759679
1072.0,1.0,2.0,328733.3897673844
1561.0,3.0,2.0,401354.7367596416
1169.0,4.0,3.0,365546.75014742
1699.0,1.0,2.0,394963.60015753994
2585.0,2.0,3.0,510087.20129011094
2261.0,2.0,1.0,449889.48224489024
2371.0,3.0,1.0,454457.7342216973
1126.0,4.0,1.0,332985.88488568837
2036.0,1.0,3.0,445679.79846076015
2660.0,2.0,3.0,497878.7004670508
1937.0,3.0,3.0,428847.3271973567
1721.0,1.0,3.0,405991.9162565151
2373.0,4.0,3.0,468409.0990624042
2764.0,2.0,1.0,472726.8075666683
2544.0,2.0,1.0,486156.3029273769
1522.0,1.0,3.0,376324.25361113786
1777.0,4.0,3.0,432376.754372493
1310.0,3.0,3.0,376373.06962161005
2971.0,1.0,2.0,525692.2666951396
1563.0,3.0,1.0,390217.60936831956
1560.0,4.0,3.0,433126.8499894283
2260.0,1.0,3.0,464046.10576378345
1552.0,2.0,1.0,376000.9373360486
1245.0,4.0,1.0,350138.7990837266
1693.0,1.0,1.0,374299.76248640235
1624.0,3.0,2.0,411664.054900112
1812.0,1.0,3.0,417253.23620398843
2763.0,1.0,3.0,535586.5135985764
1816.0,1.0,1.0,393952.55603253876
1559.0,4.0,2.0,389485.09151273465
1438.0,3.0,3.0,393882.92817915103
2693.0,2.0,2.0,492446.55931899045
2710.0,4.0,3.0,519207.98678274086
2795.0,2.0,2.0,517142.8483595731
2756.0,2.0,1.0,499232.0842717279
1353.0,4.0,1.0,363345.9267991362
2837.0,3.0,3.0,507608.7175141447
2177.0,4.0,1.0,478376.1516692719
1081.0,3.0,2.0,342434.2031940157
2420.0,3.0,2.0,471447.22624965
2708.0,3.0,2.0,511034.2070604454
1087.0,3.0,1.0,324952.60319638025
1828.0,1.0,1.0,394347.0526264822
2545.0,3.0,3.0,505106.02082095126
1129.0,3.0,3.0,349536.19534521457
2898.0,3.0,2.0,526851.1762317928
1546.0,2.0,1.0,369761.1417272695
1824.0,1.0,1.0,393172.5498809369
2625.0,2.0,3.0,502705.5486262778
2008.0,1.0,1.0,421586.95823434787
1072.0,3.0,3.0,358014.202316885
2966.0,4.0,2.0,541960.0261300249
2478.0,3.0,1.0,473217.2623490589
1197.0,1.0,1.0,344275.21062629775
1248.0,2.0,2.0,362140.67869151436
1683.0,4.0,3.0,417166.0643686007
2501.0,1.0,1.0,467888.1710068519
1798.0,2.0,2.0,410275.3149415865
1381.0,3.0,3.0,384733.362759287
1149.0,1.0,3.0,348465.7683150488
2171.0,3.0,2.0,448150.4861177117
2919.0,2.0,1.0,499434.9270702605
2433.0,2.0,3.0,498731.74167073355
2561.0,2.0,2.0,489378.12207055534
1867.0,3.0,3.0,439318.6109722773
2024.0,3.0,2.0,432507.0076360529
1885.0,2.0,2.0,426061.44808123144
1234.0,4.0,1.0,362565.4945197642
2983.0,3.0,3.0,519558.7911393399
2493.0,2.0,2.0,466816.49900779716
1492.0,3.0,3.0,394335.33190062334
2703.0,3.0,2.0,509010.60912082624
2738.0,1.0,2.0,498750.29724049906
1316.0,2.0,3.0,379204.6444245869
2202.0,1.0,1.0,436157.19323066605
2699.0,4.0,2.0,510137.4695911962
1349.0,2.0,3.0,366491.19920520496
1991.0,4.0,3.0,457481.95739053056
1902.0,4.0,3.0,442765.7286258703
2776.0,1.0,1.0,487409.381257219
1794.0,4.0,1.0,421573.0120954689
1362.0,2.0,1.0,358845.526892395
1631.0,1.0,1.0,363117.3787258598
2793.0,1.0,2.0,505323.6130019617
1345.0,1.0,3.0,401406.2525520107
1734.0,4.0,2.0,407635.69352919306
2750.0,1.0,2.0,500381.8936556858
2269.0,3.0,1.0,451773.06499248935
2473.0,4.0,1.0,496097.87447254115
2926.0,2.0,3.0,531146.7303137551
1906.0,4.0,3.0,441757.15503941494
2930.0,2.0,3.0,530733.2406014684
1956.0,2.0,2.0,414223.8809898419
2916.0,2.0,2.0,543174.6603106759
1167.0,4.0,2.0,354175.28275796364
2937.0,3.0,3.0,526595.6563776573
1816.0,3.0,3.0,431843.1331145344
1087.0,3.0,1.0,349477.02838174166
2083.0,3.0,2.0,440065.74308269756
2510.0,2.0,2.0,472039.3594663756
2163.0,1.0,3.0,447563.7241597679
1985.0,3.0,3.0,445979.0384939447
2805.0,1.0,1.0,517207.26093021693
2358.0,4.0,3.0,479010.75281968206
2429.0,4.0,3.0,488198.5914038173
2406.0,3.0,2.0,483656.74026118324
2956.0,3.0,2.0,535248.0661651783
1244.0,2.0,1.0,344905.6818605419
2952.0,2.0,3.0,541758.2523281911
2795.0,3.0,1.0,510553.505953129
2787.0,3.0,3.0,511845.4380565554
2464.0,3.0,1.0,454973.20302575896
2091.0,1.0,1.0,417813.47665342386
1526.0,2.0,1.0,378542.5610997169
2671.0,2.0,3.0,514849.14023518836
1444.0,4.0,1.0,387786.5772561295
1473.0,4.0,3.0,387593.1532078093
2147.0,1.0,2.0,450615.0945250762
2801.0,4.0,3.0,540770.3470535696
2379.0,2.0,3.0,481772.97839283047
1628.0,3.0,2.0,399681.787840778
1698.0,1.0,3.0,401364.9061760857
1080.0,4.0,3.0,346547.33133871946
1208.0,1.0,3.0,331764.1846851819
2463.0,2.0,2.0,484614.32424313476
2083.0,1.0,1.0,421949.93468723644
2016.0,3.0,3.0,471701.1937382431
1881.0,2.0,2.0,407018.98335757374
2967.0,3.0,3.0,560810.9235968596
2119.0,1.0,1.0,427689.2429509488
1281.0,2.0,1.0,353057.40603627544
1830.0,3.0,1.0,417716.733011305
2089.0,3.0,2.0,455613.648300838
1132.0,2.0,3.0,362592.84416009655
2054.0,2.0,2.0,454619.5234012455
1900.0,3.0,2.0,408199.9373101767
2351.0,2.0,3.0,474246.37165388576
2810.0,3.0,3.0,523097.6627305783
2887.0,3.0,1.0,516679.96343547443
1588.0,3.0,2.0,403902.7864491168
2956.0,4.0,1.0,521555.88377423945
2220.0,2.0,3.0,464618.8465278589
2281.0,1.0,1.0,445463.71160007507
1087.0,2.0,2.0,345116.38483912277
2833.0,1.0,2.0,498807.628916059
2878.0,4.0,1.0,523135.0164564338
1588.0,2.0,3.0,379550.13503736584
1510.0,2.0,1.0,351066.7389635851
2008.0,3.0,1.0,422967.07843321055
1005.0,4.0,1.0,321872.4668976943
1879.0,2.0,1.0,408861.70759322244
1403.0,2.0,3.0,391907.27616010275
1702.0,4.0,3.0,404671.54413522605
2302.0,2.0,2.0,467576.4182631571
2466.0,4.0,3.0,500160.3817659655
2102.0,4.0,1.0,437424.0954729137
2023.0,4.0,1.0,423390.3670859959
2275.0,4.0,2.0,447666.6996521937
1270.0,1.0,3.0,373780.5490493906
2841.0,3.0,2.0,516258.0933835418
2225.0,3.0,2.0,462106.3502955421
1374.0,4.0,1.0,361948.22159245645
1830.0,4.0,2.0,425900.6016526644
2455.0,4.0,1.0,467807.0958805267
2427.0,2.0,2.0,478368.5479095762
1035.0,4.0,1.0,322793.83292999864
2328.0,1.0,3.0,481504.63137026766
1076.0,3.0,1.0,340312.3469442923
2128.0,3.0,1.0,432492.80996217456
2968.0,4.0,3.0,547942.5785915133
1814.0,2.0,2.0,416139.5693260338
1022.0,3.0,2.0,345065.4519817921
2998.0,2.0,1.0,512390.4460156149
2292.0,3.0,3.0,470719.1131029565
1781.0,4.0,3.0,428816.2481458181
2938.0,2.0,2.0,526304.1920357954
2160.0,3.0,1.0,449108.2306845934
1138.0,2.0,1.0,326933.26947373233
2848.0,3.0,1.0,505658.5252732658
1978.0,1.0,1.0,411731.68444541335
1914.0,2.0,2.0,422703.3962771734
1988.0,2.0,1.0,399663.4486381943
2081.0,2.0,3.0,433701.83555921575
1782.0,4.0,3.0,407945.8849667272
2616.0,4.0,2.0,488841.9212797901
2414.0,1.0,1.0,445221.9270900111
2445.0,1.0,2.0,479398.9509458932
1884.0,3.0,2.0,424046.20774795325
1075.0,1.0,1.0,310755.7825409232
1393.0,1.0,2.0,366005.36117232265
2988.0,2.0,2.0,523625.6910169811
2645.0,1.0,2.0,493624.5330900542
1975.0,1.0,3.0,431444.44722588424
2123.0,2.0,2.0,446688.77371430927
1407.0,2.0,3.0,382474.95421289536
1788.0,4.0,2.0,420108.3336864602
1222.0,4.0,3.0,379230.87006062845
1385.0,2.0,1.0,355868.65660324483
1277.0,2.0,2.0,349668.44549869717
1761.0,1.0,3.0,408136.2558694881
1779.0,3.0,1.0,409784.79221349437
1169.0,2.0,3.0,346894.9201839626
2815.0,2.0,3.0,522100.434933789
2598.0,3.0,3.0,523394.02531700244
1723.0,2.0,2.0,394841.98325371253
2718.0,3.0,3.0,512377.3130580491
2964.0,2.0,1.0,508604.3646160023
1770.0,3.0,3.0,422178.42941505794
2410.0,2.0,3.0,468329.9394395937
2109.0,1.0,2.0,439757.8210007749
2735.0,3.0,1.0,491300.2945935733
1116.0,2.0,2.0,358365.6237322437
2900.0,3.0,2.0,518678.7802911041
1432.0,4.0,1.0,378586.0621240044
2393.0,2.0,3.0,482150.5835477476
1444.0,2.0,3.0,381734.8317901558
2262.0,4.0,3.0,461539.7397376568
2874.0,4.0,3.0,540049.306744909
1165.0,3.0,3.0,349411.8635891919
1164.0,3.0,1.0,354355.91712769255
2464.0,1.0,3.0,474908.24351628363
1261.0,4.0,1.0,349085.64023718185
2652.0,4.0,1.0,485734.71019213775
1107.0,1.0,3.0,345979.5655527892
1336.0,1.0,3.0,379669.1152620558
1313.0,4.0,2.0,362564.49793750496
2236.0,4.0,2.0,470971.9469461331
1096.0,3.0,1.0,334072.7680127362
1419.0,4.0,2.0,373781.87274394964
1941.0,3.0,1.0,396467.57837516244
1510.0,1.0,2.0,377510.28078708064
1467.0,4.0,3.0,392360.8721451729
1241.0,1.0,2.0,345327.7205649799
2000.0,2.0,3.0,467646.56515944726
1769.0,1.0,1.0,378082.16921051976
2138.0,4.0,1.0,450401.3072044121
2315.0,1.0,1.0,448682.67339605425
1602.0,4.0,3.0,394556.7997479741
2951.0,1.0,1.0,501276.25155219255
1742.0,4.0,2.0,407945.5682314813
1597.0,2.0,1.0,388471.869940625
1589.0,4.0,1.0,383319.75470641156
1937.0,2.0,1.0,418096.0817414105
2466.0,2.0,1.0,460888.3148479999
2056.0,3.0,3.0,445092.2006100246
2608.0,4.0,2.0,500426.75497091294
1030.0,1.0,2.0,325297.02104534855
2578.0,3.0,1.0,495850.7097128034
1502.0,3.0,1.0,354327.9155189112
2747.0,1.0,1.0,502629.46264743886
2725.0,2.0,2.0,504017.05944714457
2541.0,4.0,2.0,490220.1325185246
2835.0,1.0,2.0,511137.9037562702
2596.0,3.0,3.0,521432.3999317584
2952.0,4.0,3.0,552471.5689516142
1644.0,2.0,2.0,390088.7536025579
2635.0,1.0,1.0,478928.4791232717
1174.0,1.0,2.0,351404.1925288828
1707.0,1.0,3.0,395027.33095841116
2207.0,3.0,3.0,469526.8174856886
1559.0,3.0,2.0,381107.04626514576
1255.0,2.0,1.0,365015.3585663447
1176.0,1.0,2.0,340965.9778271488
1653.0,4.0,1.0,384505.54327645764
2279.0,2.0,3.0,457179.74472821597
2282.0,2.0,3.0,467708.0702445193
1203.0,2.0,1.0,347828.65583873424
1285.0,3.0,1.0,358259.0596243318
2577.0,2.0,3.0,507058.7517489595
1796.0,1.0,3.0,430468.3166180189
1749.0,2.0,3.0,412974.28650750185
1857.0,4.0,2.0,433448.12774894317
2081.0,1.0,1.0,422999.01758202555
1729.0,3.0,1.0,385710.6036222459
1135.0,1.0,2.0,328919.4194723622
2009.0,1.0,2.0,425732.51756444253
2305.0,3.0,2.0,472093.3715589041
1946.0,1.0,3.0,443384.9437292104
1713.0,1.0,3.0,390059.8298120413
2947.0,3.0,3.0,544396.9394660153
1769.0,1.0,3.0,402355.6494062046
1185.0,3.0,1.0,337781.5746740535
2928.0,3.0,2.0,529003.6163924914
1416.0,2.0,1.0,353633.0728661799
2913.0,4.0,3.0,560178.5160332402
2442.0,1.0,3.0,477342.7123072464
2390.0,4.0,3.0,498364.7171249208
1205.0,2.0,2.0,340787.9621279693
1539.0,2.0,3.0,385558.84633596067
2142.0,3.0,3.0,447101.39156068466
2895.0,3.0,2.0,518248.1844909367
1453.0,4.0,1.0,368635.8794366556
2129.0,3.0,1.0,453997.3814587111
1381.0,4.0,3.0,387269.8184003263
2920.0,4.0,1.0,507457.21419560415
2005.0,1.0,1.0,419925.1506386563
2980.0,4.0,3.0,541080.9564787264
2939.0,3.0,1.0,528237.946854961
1541.0,1.0,1.0,368221.60206206713
1074.0,3.0,3.0,342565.77718030894
2274.0,3.0,1.0,464861.4346027286
1978.0,4.0,3.0,447089.2554773934
1776.0,2.0,2.0,405789.3740665007
2913.0,1.0,1.0,525523.1945366691
1528.0,2.0,2.0,391277.7080061138
1778.0,3.0,1.0,409032.16076184635
2055.0,3.0,2.0,446779.3544044078
2389.0,1.0,1.0,459748.1691134328
2714.0,2.0,3.0,532880.9156344763
2669.0,2.0,1.0,483516.9042257448
2855.0,2.0,1.0,515309.5810741022
2068.0,4.0,3.0,466403.73912598315
2376.0,2.0,1.0,455975.222638298
2936.0,3.0,2.0,525657.4297225235
2016.0,3.0,3.0,453568.3255475282
1737.0,3.0,1.0,403389.09979649185
2733.0,4.0,2.0,493919.2413505641
2843.0,1.0,3.0,523283.7193010178
2906.0,3.0,2.0,537509.1977165048
2791.0,4.0,2.0,523566.10093381634
2073.0,1.0,1.0,418591.5141775047
2743.0,2.0,3.0,516313.2224979875
2443.0,2.0,2.0,475229.83876209933
2251.0,1.0,2.0,442485.69993668405
2076.0,4.0,1.0,452200.2500416597
1778.0,4.0,3.0,416357.2848080794
1460.0,1.0,2.0,378549.0532433919
1630.0,4.0,3.0,410018.5009596683
1399.0,2.0,3.0,376383.8630718396
2564.0,1.0,3.0,485989.1747111616
2269.0,1.0,3.0,468350.0747559376
1359.0,2.0,3.0,368950.7952127118
1377.0,4.0,1.0,365845.70028488594
2793.0,3.0,3.0,521213.6565786431
1393.0,1.0,2.0,350075.18960964796
2428.0,2.0,3.0,487416.87671985914
2485.0,3.0,2.0,476381.1011933599
1920.0,4.0,1.0,407976.7188855572
1355.0,3.0,3.0,372092.20017013315
2232.0,3.0,2.0,465158.70215881546
2270.0,2.0,3.0,465996.4234318845
1304.0,4.0,2.0,374895.4230795708
2333.0,4.0,3.0,501089.4057339466
1599.0,4.0,3.0,416302.63071081846
1930.0,1.0,3.0,439762.2550878444
1009.0,4.0,1.0,319041.8327831437
1626.0,3.0,1.0,402283.090031461
2204.0,2.0,2.0,443486.52888637566
1830.0,4.0,3.0,433792.84113045805
2557.0,3.0,1.0,486356.4324344628
1049.0,4.0,3.0,347783.5472618391
2293.0,2.0,2.0,459927.28308253776
1417.0,3.0,1.0,365496.18223978835
1761.0,3.0,3.0,419935.8570695546
1775.0,1.0,3.0,417531.25480059895
2758.0,4.0,3.0,535381.3409143364
2621.0,4.0,2.0,520156.0285138305
2472.0,1.0,1.0,456928.8945350514
1755.0,3.0,2.0,419334.2590812926
1656.0,2.0,1.0,402179.87150271144
1682.0,3.0,3.0,400207.8281758097
2172.0,4.0,1.0,443841.1065068208
1210.0,1.0,2.0,350268.4457447973
2986.0,2.0,2.0,507116.7588491548
1718.0,3.0,1.0,411034.68992034555
1326.0,4.0,3.0,389803.27921397163
1521.0,4.0,3.0,389647.27159085195
1345.0,1.0,2.0,348483.9889391807
2770.0,2.0,1.0,507199.64180712507
1105.0,3.0,1.0,348029.90001195663
2206.0,3.0,2.0,458908.0457543107
2836.0,1.0,1.0,490078.78350991406
2322.0,2.0,1.0,453453.40676948376
1146.0,3.0,2.0,355130.36139568745
1523.0,4.0,3.0,407423.33581439976
2429.0,3.0,2.0,468229.2895056768
2158.0,1.0,2.0,424800.37074593717
2237.0,4.0,1.0,453863.9672667857
1689.0,3.0,1.0,380638.2103740674
1598.0,1.0,3.0,388426.7630887444
2506.0,1.0,1.0,459729.6343343483
1458.0,2.0,2.0,374349.2439027835
1252.0,1.0,3.0,358588.9730554762
1337.0,1.0,2.0,356161.7751710667
1944.0,4.0,2.0,442036.89297117846
2975.0,3.0,3.0,530205.0177316118
1452.0,4.0,1.0,368578.20677164657
1012.0,2.0,1.0,317652.7069451084
1492.0,1.0,1.0,362553.5049941205
1938.0,1.0,2.0,419554.6996470666
2153.0,3.0,2.0,468595.19720492646
2715.0,2.0,1.0,487569.6156901935
1693.0,2.0,2.0,398717.2761701103
1174.0,3.0,1.0,349301.8447559918
1733.0,4.0,1.0,424676.22872211644
2612.0,4.0,3.0,491543.9900923678
1921.0,4.0,1.0,408392.1777759166
2561.0,4.0,1.0,482494.22073038225
2956.0,2.0,1.0,515310.9798654862
1148.0,2.0,1.0,341960.5737180462
1368.0,1.0,1.0,355037.9301035684
1017.0,3.0,2.0,328809.4674728919
2143.0,4.0,1.0,441055.9504239484
2561.0,3.0,2.0,486602.41337890335
2567.0,4.0,3.0,516431.1921709315
2750.0,1.0,2.0,507811.406354416
1311.0,3.0,1.0,368208.7738243676
2620.0,2.0,3.0,505641.0984677344
1197.0,4.0,1.0,336649.08980850346
1683.0,1.0,1.0,381801.38877421
1662.0,3.0,3.0,410689.18400544627
1465.0,4.0,3.0,386120.63140595384
1541.0,3.0,1.0,384585.6898606811
1054.0,1.0,3.0,358892.9110474089
1428.0,3.0,1.0,375436.6627522584
1541.0,1.0,3.0,369848.36066275125
2635.0,1.0,2.0,504538.8033716519
2695.0,1.0,3.0,504648.7802656686
1833.0,3.0,3.0,440609.4514865599
1969.0,2.0,1.0,418046.51228092104
1073.0,1.0,3.0,337818.4500996913
1096.0,4.0,2.0,341243.35854949406
2942.0,4.0,3.0,554552.6812510602
1272.0,3.0,2.0,341603.6156962863
2764.0,1.0,1.0,485030.49572772643
1675.0,3.0,1.0,398665.716891723
1348.0,2.0,2.0,371131.1238272918
2239.0,2.0,1.0,446807.90635730256
2809.0,1.0,1.0,499271.8448841847
1216.0,4.0,2.0,363256.0045207686
2591.0,2.0,3.0,490096.1221347501
1657.0,3.0,2.0,393891.6112187563
2634.0,1.0,1.0,500150.3184941724
1164.0,4.0,3.0,366691.235539872
1935.0,1.0,3.0,435150.68736051815
1876.0,2.0,3.0,435055.09370514174
2160.0,2.0,3.0,450520.53108044306
1184.0,3.0,1.0,362455.25246297586
1771.0,2.0,3.0,418769.6209117174
2603.0,1.0,3.0,483511.5606818451
1002.0,4.0,1.0,326437.5342978513
1416.0,3.0,2.0,377524.965049273
1554.0,2.0,1.0,358964.8091839048
1244.0,4.0,2.0,369364.8303350136
1459.0,2.0,3.0,391937.1965426337
1790.0,4.0,3.0,417968.08701684803
2568.0,2.0,3.0,478420.1048186935
1449.0,2.0,2.0,376607.8437210978
2383.0,2.0,2.0,462019.9817167512
1916.0,4.0,3.0,425554.26291779254
2588.0,4.0,3.0,504998.9406093616
2753.0,1.0,2.0,504579.40611630696
2102.0,2.0,1.0,429119.98287257284
1202.0,3.0,1.0,340496.63103478577
1490.0,2.0,2.0,387731.7052273675
1371.0,3.0,1.0,381388.2910627197
1983.0,1.0,3.0,419096.44092828187
2970.0,1.0,1.0,501199.7501224393
1259.0,2.0,2.0,342437.5424608942
1414.0,1.0,3.0,368526.2303826142
1564.0,1.0,3.0,389953.7774699787
1445.0,2.0,1.0,365014.3198741505
1798.0,4.0,3.0,432794.95583580964
2653.0,4.0,2.0,495092.25877388084
1228.0,2.0,3.0,357731.1691503549
2738.0,4.0,3.0,532171.2828172585
2347.0,4.0,2.0,464064.06682637206
2452.0,3.0,3.0,488570.7392358533
1942.0,4.0,2.0,447331.4618710277
2610.0,4.0,2.0,509497.7134271618
2056.0,1.0,1.0,414577.80016722623
1962.0,4.0,2.0,459722.11770069686
1778.0,4.0,1.0,413281.4926770956
1884.0,4.0,1.0,429477.6221403205
1735.0,1.0,1.0,375517.0441111141
1683.0,3.0,3.0,409773.2023397399
1585.0,2.0,2.0,375403.56220343785
2381.0,1.0,1.0,462260.76901151525
2998.0,4.0,3.0,548078.8064702045
1536.0,2.0,1.0,374110.68938062026
1585.0,3.0,2.0,393068.741970058
2670.0,3.0,1.0,504919.71302965225
2344.0,4.0,2.0,465925.2666728371
2874.0,2.0,3.0,547843.2684921136
1090.0,3.0,1.0,335477.1373282459
1315.0,4.0,3.0,391026.8670740046
2996.0,2.0,1.0,521824.9258397473
2602.0,2.0,2.0,485119.9051009504
2017.0,4.0,1.0,419187.12436567544
1251.0,2.0,2.0,362430.11324907833
1535.0,2.0,1.0,367326.19739626715
2702.0,2.0,1.0,508704.27144030924
1608.0,1.0,3.0,393699.14647895924
2634.0,2.0,1.0,462286.31864051236
2426.0,3.0,3.0,496959.997403355
1065.0,4.0,3.0,376529.40753980586
1699.0,4.0,3.0,431055.7982125883
2856.0,4.0,2.0,519227.1042618568
2404.0,3.0,3.0,489330.3216572494
1327.0,3.0,3.0,384294.8436116212
2705.0,3.0,1.0,502063.1609910983
2101.0,3.0,2.0,434954.78434405976
2790.0,3.0,2.0,513192.5052776041
2153.0,4.0,1.0,442143.31311517494
1285.0,2.0,3.0,374964.95873890386
2376.0,1.0,1.0,456134.6945138829
2318.0,1.0,3.0,461374.0551059521
2672.0,1.0,3.0,500831.061638483
1254.0,4.0,2.0,359025.42090246757
2585.0,1.0,1.0,466678.10869961797
2075.0,3.0,2.0,442150.0294995261
2684.0,2.0,3.0,511033.18353501946
1929.0,1.0,2.0,409188.2553901378
2043.0,4.0,2.0,431268.7828723825
1328.0,4.0,3.0,367995.072348482
1245.0,2.0,3.0,360517.26472230017
2469.0,3.0,2.0,482658.5546896973
2448.0,3.0,1.0,455492.99697260984
1555.0,4.0,2.0,383068.1500859999
1237.0,3.0,3.0,369258.3019968558
2541.0,3.0,2.0,474669.6867848043
1177.0,2.0,3.0,354878.8545843802
1381.0,3.0,1.0,368192.80397222395
2817.0,4.0,2.0,516138.38848109345
2530.0,2.0,3.0,507885.1999331678
2292.0,1.0,2.0,468963.2365027502
1741.0,2.0,1.0,387896.4863432154
1979.0,1.0,2.0,424785.9848413891
2686.0,1.0,3.0,489199.38323021005
1537.0,3.0,2.0,395477.6317808094
2019.0,1.0,3.0,428624.11988263443
1613.0,3.0,1.0,379006.7988922899
2438.0,4.0,1.0,461385.7485052891
2015.0,4.0,1.0,436551.18963702576
2250.0,3.0,2.0,480507.40687073895
1291.0,1.0,1.0,362536.6687059385
2454.0,4.0,3.0,481984.0803343316
1843.0,3.0,2.0,408152.4447079488
1410.0,3.0,3.0,384400.3839216226
2374.0,3.0,3.0,470111.3927517729
1662.0,2.0,1.0,382450.10016371595
2782.0,2.0,2.0,515064.9475357015
2903.0,2.0,1.0,535250.8290545734
1765.0,3.0,2.0,414647.8119689192
2171.0,2.0,3.0,455378.9530955878
2767.0,2.0,1.0,501249.38606889464
1960.0,1.0,2.0,434950.30383159063
2585.0,1.0,1.0,488352.0240628876
2039.0,3.0,2.0,427385.92971817474
2815.0,1.0,1.0,490872.09659352934
2278.0,2.0,2.0,457361.4092741825
1578.0,3.0,1.0,377918.4114681096
1081.0,3.0,1.0,336598.0258596386
1403.0,3.0,2.0,374800.46522313147
1272.0,4.0,1.0,353205.1523879795
1461.0,3.0,2.0,378809.52323148836
1928.0,4.0,1.0,419617.6765085179
1247.0,1.0,2.0,343729.2586684091
1986.0,4.0,2.0,449943.7652437974
2258.0,4.0,2.0,468231.0111520314
2193.0,4.0,1.0,458182.8465730924
1388.0,3.0,3.0,397925.1760732136
2243.0,4.0,3.0,473076.6751534285
1534.0,1.0,1.0,367362.8990525451
1114.0,4.0,2.0,354846.57577241113
2493.0,2.0,2.0,479155.3857356968
2351.0,3.0,1.0,457020.18490312743
2130.0,4.0,3.0,456902.1871819931
2800.0,1.0,3.0,506832.22371464176
1660.0,2.0,3.0,404416.64601490763
2688.0,4.0,3.0,517974.81500188273
2470.0,4.0,1.0,472174.51880641846
2621.0,2.0,2.0,506787.04551560804
1537.0,2.0,2.0,391411.94627187814
1476.0,2.0,1.0,373911.2119278512
2766.0,4.0,2.0,522920.0325578947
1106.0,3.0,2.0,349436.0258894496
1462.0,1.0,3.0,383560.4468177557
1172.0,4.0,1.0,351408.5867029289
2840.0,4.0,2.0,521476.867845467
2371.0,4.0,3.0,467450.6740056129
2988.0,1.0,2.0,533370.571877404
1528.0,3.0,1.0,369733.3762022629
1926.0,4.0,1.0,409412.3163504076
1612.0,1.0,3.0,419677.0090421482
1711.0,1.0,2.0,404827.8103850578
2543.0,1.0,2.0,468071.46184431575
2444.0,3.0,3.0,485506.78038807516
1379.0,2.0,1.0,351604.9215582299
2685.0,4.0,3.0,507194.2897459633
2491.0,2.0,3.0,487985.716971256
1411.0,1.0,3.0,368992.6771289711
2090.0,1.0,3.0,450501.7320261578
2545.0,2.0,3.0,490939.14443328505
2859.0,4.0,2.0,519220.5705219036
1245.0,3.0,2.0,342368.4217867224
1914.0,1.0,3.0,427145.02869615937
2889.0,3.0,1.0,513700.1515849125
2487.0,3.0,3.0,495888.02847841824
2527.0,2.0,3.0,496104.51158210076
2242.0,2.0,2.0,469101.2905864853
1499.0,2.0,3.0,389942.28475094726
2333.0,4.0,3.0,480229.10811315075
1350.0,4.0,3.0,384570.0418998446
2083.0,1.0,3.0,440044.8406264102
1255.0,3.0,2.0,364569.99333733524
1411.0,4.0,1.0,368886.90786464483
1725.0,2.0,3.0,419208.3627794568
2279.0,3.0,1.0,441143.3849823089
1290.0,2.0,3.0,386371.97416706086
1420.0,4.0,1.0,360416.78904960735
2291.0,3.0,3.0,479761.3082529276
2365.0,2.0,1.0,466859.347099612
1938.0,4.0,1.0,432370.72515832464
2839.0,1.0,3.0,521999.73400163173
1106.0,3.0,2.0,341763.059870907
2586.0,3.0,3.0,512317.47307439847
1014.0,3.0,3.0,331225.65949105594
2964.0,2.0,2.0,513029.34023698827
1816.0,2.0,2.0,398325.4343514546
2976.0,2.0,3.0,547869.6074362079
1846.0,2.0,2.0,403585.6001280311
1674.0,2.0,2.0,376139.9005171314
1892.0,1.0,1.0,394145.2659100853
2198.0,4.0,2.0,447920.39956410165
1902.0,4.0,1.0,420717.2379148187
2974.0,3.0,1.0,514015.30707958643
2281.0,4.0,3.0,479138.6678040131
2427.0,4.0,3.0,486665.1608298292
1412.0,1.0,2.0,369268.51334159786
1685.0,1.0,3.0,419556.68947877333
1620.0,3.0,3.0,408771.90660881414
2446.0,1.0,1.0,457164.00242055923
1152.0,1.0,1.0,326074.4040504009
1305.0,1.0,1.0,356540.5469393336
1784.0,2.0,1.0,420670.6182279381
1980.0,4.0,2.0,428466.22174345906
1721.0,3.0,3.0,422624.16084323596
2869.0,4.0,1.0,532908.6895857728
2041.0,2.0,2.0,424576.2651308667
2964.0,3.0,1.0,505118.8529178291
2770.0,4.0,3.0,528023.7804304154
2922.0,1.0,1.0,526534.0669456765
2412.0,1.0,3.0,473100.006555197
1643.0,2.0,1.0,378645.95769165934
1748.0,4.0,3.0,436548.08590820123
1419.0,3.0,3.0,403427.88961565506
2577.0,4.0,1.0,505335.1794835444
1280.0,1.0,2.0,354161.335071111
2365.0,1.0,1.0,451188.6832161971
2116.0,1.0,1.0,431549.06246792123
2939.0,2.0,3.0,537476.1180439567
1056.0,3.0,2.0,331921.17327495455
2796.0,2.0,2.0,514117.4958065645
1386.0,1.0,1.0,362739.3821203768
1245.0,1.0,3.0,356120.2030653255
2302.0,3.0,2.0,478460.9194259641
1333.0,4.0,1.0,348607.5097896913
1805.0,2.0,3.0,421046.91882224346
1528.0,3.0,2.0,401221.1619145794
1812.0,1.0,3.0,430491.6101972691
1055.0,1.0,2.0,322622.9870841621
1759.0,3.0,3.0,419704.1513597838
2755.0,2.0,1.0,497612.36591273895
2696.0,4.0,3.0,503370.5958227964
2182.0,1.0,2.0,436280.5074203045
2009.0,4.0,2.0,448488.14727829176
2683.0,1.0,3.0,487348.5771488368
1250.0,3.0,2.0,368815.51955105556
1356.0,2.0,3.0,370791.5026096347
2875.0,3.0,3.0,529961.1989333455
1488.0,2.0,1.0,385195.9485247497
2339.0,3.0,2.0,471774.04978276935
2909.0,3.0,2.0,530487.1393113455
1704.0,3.0,1.0,403432.4958099216
1178.0,3.0,3.0,377067.56665096217
2965.0,3.0,1.0,513663.68710196635
2533.0,2.0,1.0,471404.926214001
2774.0,2.0,3.0,509500.0450870148
1938.0,4.0,2.0,429485.67268347705
1610.0,4.0,1.0,391898.1964745775
2121.0,4.0,1.0,443873.54728153656
1213.0,1.0,2.0,350572.1867644331
1559.0,1.0,3.0,384207.70274347044
1739.0,3.0,1.0,388480.9279372991
2843.0,3.0,3.0,521980.7085114398
2063.0,3.0,2.0,436899.5839512046
2620.0,2.0,2.0,497872.49841315957
1511.0,3.0,1.0,388494.42417752114
1494.0,4.0,1.0,375192.75236114376
1351.0,4.0,2.0,359206.1157158976
1883.0,2.0,2.0,427334.0267395318
2420.0,2.0,1.0,458260.9652435867
2164.0,3.0,3.0,476742.08280259604
1518.0,2.0,2.0,393111.29935432685
1638.0,1.0,2.0,386677.1965533908
1734.0,1.0,1.0,395955.51286144095
1758.0,4.0,3.0,407743.24249623896
1092.0,1.0,2.0,329545.4623760034
1760.0,3.0,2.0,419042.60393588874
2438.0,3.0,3.0,492709.63157894753
1393.0,3.0,2.0,374651.03124308045
2189.0,4.0,3.0,490278.0777137925
1157.0,3.0,2.0,358840.0247055556
2755.0,2.0,1.0,516874.57752768154
1857.0,2.0,2.0,404869.51183877134
2951.0,2.0,3.0,521741.98813208414
1237.0,2.0,1.0,326858.6466137291
1397.0,4.0,1.0,379976.8138626418
1764.0,3.0,1.0,398744.96590588137
2845.0,2.0,1.0,497755.770993988
1818.0,3.0,3.0,425830.64768286893
1433.0,4.0,3.0,382823.94425336097
1720.0,3.0,3.0,411555.78379276703
1965.0,1.0,2.0,419177.108612624
2021.0,2.0,2.0,440851.42308280093
2805.0,1.0,1.0,501385.76722752803
1945.0,1.0,1.0,420666.5196548473
1965.0,2.0,3.0,435059.8507652163
2903.0,4.0,2.0,522148.6835560096
2016.0,4.0,2.0,437438.3942360827
2003.0,4.0,2.0,446287.50162002665
2144.0,3.0,2.0,445545.73141320696
1291.0,1.0,3.0,360921.2790747145
2645.0,2.0,3.0,488951.73359347595
1316.0,4.0,2.0,362136.95585725387
2469.0,4.0,2.0,484695.6111660695
1230.0,3.0,2.0,358802.9998227428
2672.0,4.0,1.0,507675.01949123805
2739.0,1.0,1.0,493376.8665121432
1290.0,2.0,2.0,358641.1915731058
1911.0,2.0,1.0,408066.49415622506
1686.0,1.0,3.0,405237.22164376633
1082.0,4.0,1.0,330667.40105629805
2092.0,1.0,1.0,417936.99620876083
2942.0,4.0,3.0,531584.0369389812
